Movie Name,Date,Picked By,Phill Score,Jim Score,Jon Score ,Avg Rating,Release Year,1333,@,TMDB_ID,Overview,Genres,Release Date,Vote Average,Vote Count,TMDb Link
Old Guard,8/17/2020,phill,8.0,8.0,8.0,8,2020.0,,,547016,Four undying warriors who've secretly protected humanity for centuries become targeted for their mysterious powers just as they discover a new immortal.,"Action, Fantasy",2020-07-10,7.147,4029,https://www.themoviedb.org/movie/547016
Death Proof,8/24/2020,jim,7.0,9.0,7.0,8,2007.0,,,1991,"Austin's hottest DJ, Jungle Julia, sets out into the night to unwind with her two friends Shanna and Arlene. Covertly tracking their moves is Stuntman Mike, a scarred rebel leering from behind the wheel of his muscle car, revving just feet away.","Action, Thriller",2007-05-22,6.838,4981,https://www.themoviedb.org/movie/1991
Death of Dick Long,8/31/2020,jon,7.0,8.0,9.0,8,2019.0,,,565383,"Dick died last night, and Zeke and Earl don’t want anybody finding out how. That’s too bad though, cause news travels fast in small-town Alabama.","Comedy, Crime, Drama",2019-09-27,6.079,139,https://www.themoviedb.org/movie/565383
Brick,9/7/2020,phill,9.0,7.0,6.0,7,2005.0,,,9270,"After a phone call from his ex-girlfriend, teenage loner Brendan Frye learns that her dead body was found. Vowing to solve her murder himself, he must infiltrate high-school cliques that he previously avoided. His search for the truth brings him before some of the school’s roughest characters.","Drama, Mystery",2006-03-31,6.8,1187,https://www.themoviedb.org/movie/9270
Noises Off,9/14/2020,jim,9.0,10.0,1.0,7,1992.0,,,26670,"Hired to helm an Americanized take on a British play, director Lloyd Fellowes does his best to control an eccentric group of stage actors. With a star actress quickly passing her prime, a male lead with no confidence, and a bit actor that's rarely sober, chaos ensues in the lead up to a Broadway premiere.",Comedy,1992-03-20,7.151,175,https://www.themoviedb.org/movie/26670
Army of One,9/21/2020,jon,6.0,9.0,9.0,8,2016.0,,,768939,"Out hiking, Special Forces Brenner Baker stumbles onto a Cartel's compound. Her husband's killed and she's left for dead. The Cartel made two mistakes, killed her husband and left her alive. They won't live to make another.",Action,2020-12-14,5.675,183,https://www.themoviedb.org/movie/768939
Drop Dead Gorgeous,9/28/2020,phill,8.0,8.0,8.0,8,1999.0,,,10490,"In a small Minnesota town, the annual beauty pageant is being covered by a TV crew. Former winner Gladys Leeman wants to make sure her daughter follows in her footsteps; explosions, falling lights, and trailer fires prove that. As the Leemans are the richest family in town, the police are pretty relaxed about it all. Despite everything, main rival (but sweet) Amber Atkins won't give up without a fight.",Comedy,1999-07-23,6.391,362,https://www.themoviedb.org/movie/10490
Demon Knight,10/5/2020,jim,6.0,9.0,8.0,8,1995.0,,,9059,"Ex-soldier Frank Brayker is the guardian of an ancient key that can unlock tremendous evil; the sinister Collector is a demon who wants the key so he can initiate the apocalypse. On the run from wicked mercenaries for almost 90 years, Brayker finally stops in at a boarding house in New Mexico where — with the help of its residents — he plans to face off against the Collector and his band of ghouls, preventing them from ever seizing the key.","Horror, Comedy, Thriller",1995-01-13,6.8,462,https://www.themoviedb.org/movie/9059
Christmas Evil,10/12/2020,jon,5.0,10.0,10.0,8,1980.0,,,27230,"Garbed in his red suit, Harry, a toy factory worker, decides that the only thing he can do to save the spirit of Christmas is to become Santa Claus himself and make all of the naughty townspeople pay... in blood!","Horror, Thriller",1980-11-01,5.456,160,https://www.themoviedb.org/movie/27230
It Follows,10/19/2020,phill,8.0,10.0,7.0,8,2014.0,,,270303,"When carefree teenager Jay sleeps with her older boyfriend for the first time, she learns that she is the latest recipient of a fatal curse that is passed from victim to victim via sexual intercourse. Death, Jay learns, will creep inexorably toward her as either a friend or a stranger. Jay's friends don't believe her seemingly paranoid ravings, until they too begin to see the phantom assassins and band together to help her defend herself.","Horror, Mystery",2015-02-04,6.573,6185,https://www.themoviedb.org/movie/270303
Near Dark,10/26/2020,jim,7.0,10.0,6.0,8,1987.0,,,11879,A farm boy reluctantly becomes a member of the undead when a girl he meets turns out to be part of a band of vampires who roam the highways in stolen cars.,Horror,1987-10-02,6.885,715,https://www.themoviedb.org/movie/11879
Creep,11/2/2020,jon,8.0,8.0,8.0,8,2014.0,,,250574,"Looking for work, Aaron comes across a cryptic online ad: “$1,000 for the day. Filming service. Discretion is appreciated.” Low on cash and full of naiveté, he decides to go for it. He drives to a cabin in a remote mountain town where he meets Josef, his cinematic subject for the day. Josef is sincere and the project seems heartfelt, so Aaron begins to film. But as the day goes on, it becomes clear that Josef is not who he says, and his intentions are not at all pure.",Horror,2014-06-23,6.37,1365,https://www.themoviedb.org/movie/250574
Lucky Number Slevin,11/9/2020,phill,7.0,8.0,7.0,7,2006.0,,,186,"Slevin is mistakenly put in the middle of a personal war between the city’s biggest criminal bosses. Under constant watch, Slevin must try not to get killed by an infamous assassin and come up with an idea of how to get out of his current dilemma.","Drama, Thriller, Crime, Mystery",2006-02-24,7.478,3930,https://www.themoviedb.org/movie/186
Terror Firmer,11/6/2020,jim,2.0,9.0,3.0,5,1999.0,,,14005,A low-budget film crew working in New York City find themselves being preyed upon by a sexually conflicted serial killer.,"Horror, Comedy",1999-10-29,6.105,95,https://www.themoviedb.org/movie/14005
Gregory's Girl,11/23/2020,jon,5.0,5.0,5.0,5,1980.0,,,21764,A teenager falls hard for the female soccer player who has replaced him on the team and attempts to pursue her.,"Comedy, Romance",1981-04-23,6.702,124,https://www.themoviedb.org/movie/21764
Zero Effect,11/30/2020,phill,6.0,8.0,7.0,7,1998.0,,,16148,"Daryl Zero is a private investigator and—along with his assistant, Steve Arlo—he solves impossible crimes and puzzles. Although Daryl's a master investigator, he doesn't know what to do with himself when he's not working; he has no social skills, writes bad music and drives Steve crazy.","Comedy, Crime, Drama",1998-01-30,6.225,169,https://www.themoviedb.org/movie/16148
Santa Claus The Movie,12/7/2020,jim,6.0,7.0,5.0,6,1985.0,,,13764,"In ancient times, a man named Claus, who delivers toys in his small village, fulfils his destiny to become Santa Claus after meeting an expert toy-making elf, Patch, in the North Pole. In the present day, Santa Claus has become overwhelmed by his workload, and the disgruntled Patch flees the workshop to New York City. There, Patch unknowingly threatens the fate of Christmas by taking a job at a failing toy company run by a scheming businessman.","Family, Fantasy, Adventure",1985-10-29,6.3,254,https://www.themoviedb.org/movie/13764
Midnight Madness,Jim's B-Day,jim,7.0,10.0,8.0,8,1980.0,,,17971,A genius grad student organizes an all-night treasure hunt in which five rival teams composed of colorful oddballs furiously match wits with one another while trying to locate and decipher various cryptic clues planted ingeniously around Los Angeles.,"Comedy, Family",1980-02-08,5.658,57,https://www.themoviedb.org/movie/17971
Christmas in Wonderland,12/14/2020,jon,6.0,7.0,7.0,7,2006.0,,,14094,"Three kids and their Dad move from L.A to Edmonton. When they go shopping at West Edmonton Mall they find counterfeit cash. They inadvertently help catch the crooks, and later make a discovery about Santa",Comedy,2007-12-27,5.528,83,https://www.themoviedb.org/movie/14094
One Magic Christmas,12/21/2020,phill,5.0,7.0,5.0,6,1985.0,,,13380,"Ginny Grainger, a young mother, rediscovers the joy and beauty of Christmas, thanks to the unshakable faith of her six-year-old daughter Abbie and Gideon, Ginny's very own guardian angel.","Family, Fantasy",1985-11-22,5.7,96,https://www.themoviedb.org/movie/13380
Toys,12/28/2020,jim,5.0,8.0,7.0,7,1992.0,,,11597,"Leslie Zevo is a fun-loving inventor who must save his late father's toy factory from his evil uncle, Leland, a war-mongering general who rules the operation with an iron fist and builds weapons disguised as toys.","Family, Fantasy, Comedy, Science Fiction",1992-12-18,5.3,526,https://www.themoviedb.org/movie/11597
Extra Ordinary,1/4/2021,jon,8.0,8.0,9.0,8,2019.0,,,538227,A driving instructor must use her other-worldly gifts to save a lonely man’s daughter from a rock star looking to use her for Satanic purposes.,"Fantasy, Comedy, Horror",2019-09-13,6.5,230,https://www.themoviedb.org/movie/538227
American Graffiti,1/11/2021,phill,7.0,8.0,7.0,7,1973.0,,,838,A couple of high school graduates spend one final night cruising the strip with their buddies before they go off to college.,"Comedy, Drama",1973-08-11,7.028,1374,https://www.themoviedb.org/movie/838
Ritual,1/18/2021,jim,7.0,8.0,5.0,7,2017.0,,,143146,"A long time ago Tom loved Lovely. They were married and everything was perfect, at least for a little while. But that was then and this is now. Lovely has just killed a man in cold blood after he tried to drug and kidnap her in a motel. She calls Tom to help but now they've found a VHS tape that depicts a satanic ritual in which a woman is murdered. Lovely desperately wants to leave and they do, but Tom forgot his engraved lighter in the room, and when they go back to find it, the dead body appears missing.",Horror,2013-12-31,5.1,12,https://www.themoviedb.org/movie/143146
The Visit,1/25/2021,jon,6.0,7.0,8.0,7,2015.0,,,298312,"A brother and sister are sent to their grandparents' remote Pennsylvania farm for a week, where they discover that the elderly couple is involved in something deeply disturbing.","Horror, Mystery, Thriller",2015-09-10,6.32,4569,https://www.themoviedb.org/movie/298312
Electric Dreams,2/1/2021,phill,5.0,1.0,1.0,2,1984.0,,,19596,"Miles buys himself a state-of-the-art computer that starts expressing thoughts and emotions after having champagne spilled on it. Things start getting out of hand when both Miles and Edgar, the computer, fall in love with Madeline, an attractive neighbor.","Comedy, Science Fiction, Music",1984-07-20,6.22,157,https://www.themoviedb.org/movie/19596
Drawing Flies,2/8/2021,jim,3.0,4.0,2.0,3,1996.0,,,24063,"Donner and his roomates are out of money and about to get evicted from their home. So as a diversion from their situation, he invites them to his father's cabin in the Canadian wilderness. They all go along, but soon learn that there's no cabin - he's really trying to find Sasquatch.","Comedy, Drama, Thriller",1996-06-12,4.6,18,https://www.themoviedb.org/movie/24063
Bullit County,2/15/2021,jon,7.0,6.0,4.0,6,2018.0,,,,,,,,,
Diggs Town,2/22/2021,phill,8.0,8.0,8.0,8,1992.0,,,,,,,,,
Long Kiss Goodnight,3/1/2021,jim,7.0,9.0,8.0,8,1996.0,,,11412,"Samantha Caine, suburban homemaker, is the ideal mom to her 8 year old daughter Caitlin. She lives in Honesdale, PA, is a school teacher and makes the best Rice Krispie treats in town. But when she receives a bump on her head, she begins to remember small parts of her previous life as a lethal, top-secret agent.","Crime, Action, Mystery, Thriller",1996-10-11,6.623,1137,https://www.themoviedb.org/movie/11412
The Cleanse,3/8/2021,jon,6.0,7.0,7.0,7,2016.0,,,298096,"The story of a heartbroken man who attends a spiritual retreat, only to discover that the course releases more than everyday toxins and traumatic experiences.","Drama, Comedy, Fantasy, Horror",2018-05-04,5.0,89,https://www.themoviedb.org/movie/298096
Starter for 10,3/15/2021,phill,6.0,7.0,6.0,6,2006.0,,,14055,"In 1985, against the backdrop of Thatcherism, Brian Jackson enrolls in the University of Bristol, a scholarship boy from seaside Essex with a love of knowledge for its own sake and a childhood spent watching University Challenge, a college quiz show. At Bristol he tries out for the Challenge team and falls under the spell of Alice, a lovely blond with an extensive sexual past.","Drama, Comedy, Romance",2006-09-13,6.4,382,https://www.themoviedb.org/movie/14055
Quick Change,3/22/2021,jim,8.0,10.0,8.0,9,1990.0,,,10729,"With the aid of his girlfriend, Phyllis Potter, and best friend, Loomis, Grimm enters a Manhattan bank dressed as a clown, creates a hostage situation and executes a flawless robbery. The only thing left for the trio to do is make their getaway out of the city and to the airport. It sounds simple enough, but it seems that fate deserts them immediately after the bank heist. One mishap after another conspires to keep these robbers from reaching freedom.","Comedy, Crime",1990-07-13,6.665,340,https://www.themoviedb.org/movie/10729
Stardust,3/29/2021,jon,8.0,7.0,9.0,8,2007.0,,,2270,"In a countryside town bordering on a magical land, a young man makes a promise to his beloved that he'll retrieve a fallen star by venturing into the magical realm. His journey takes him into a world beyond his wildest dreams and reveals his true identity.","Adventure, Fantasy, Romance, Family",2007-08-09,7.279,3928,https://www.themoviedb.org/movie/2270
Jumper,4/5/2021,phill,7.0,7.0,8.0,7,2008.0,,,8247,"David Rice is a man who knows no boundaries, a Jumper, born with the uncanny ability to teleport instantly to anywhere on Earth. When he discovers others like himself, David is thrust into a dangerous and bloodthirsty war while being hunted by a sinister and determined group of zealots who have sworn to destroy all Jumpers. Now, David’s extraordinary gift may be his only hope for survival!","Action, Adventure, Science Fiction",2008-02-13,6.147,5599,https://www.themoviedb.org/movie/8247
Reposessed,4/12/2021,jim,6.0,8.0,7.0,7,1990.0,,,,,,,,,
Willy's Wonderland,2/24/1901,jon,7.0,10.0,9.0,9,2021.0,,,643586,"When his car breaks down, a quiet loner agrees to clean an abandoned family fun center in exchange for repairs. He soon finds himself waging war against possessed animatronic mascots while trapped inside Willy's Wonderland.","Action, Horror, Comedy",2021-02-12,6.0,927,https://www.themoviedb.org/movie/643586
How I Got Into College,4/26/2021,phill,7.0,4.0,3.0,5,1989.0,,,27307,"The simple story of two young Michigan high school students, Jessica, Class President, Local Smart Girl, and object of Marlon's affections attempt to get into a small Pennsylvania college. Jessica fights off her parent's expectation of going to their alma mater of the University of Michigan, while Marlon fights his grades and SAT scores.","Comedy, Romance, Family",1989-05-19,6.039,38,https://www.themoviedb.org/movie/27307
Shrunken Heads,5/3/2021,jim,6.0,5.0,3.0,5,1994.0,,,79975,Three teens killed by a local crime boss return for revenge after a witch doctor revives them through voodoo magic.,"Thriller, Comedy, Horror",1994-05-01,4.8,25,https://www.themoviedb.org/movie/79975
Freddy Got Fingered,5/10/2021,jon,5.0,8.0,7.0,7,2001.0,,,13166,"Unemployed cartoonist Gord Brody moves back in with his parents Jim and Julie and younger brother Freddy. When his parents demand he leave, he retaliates by spreading rumors that Jim is sexually abusing Freddy.",Comedy,2001-04-20,4.654,402,https://www.themoviedb.org/movie/13166
Wanted,5/17/2021,phill,6.0,8.0,6.0,7,2008.0,,,8909,"Doormat Wesley Gibson discovers that his recently murdered father - who Wesley never knew - belonged to a secret guild of assassins. After a leather-clad sexpot drafts Wesley into the society, he hones his innate killing skills and turns avenger.","Action, Thriller, Crime",2008-06-19,6.517,6814,https://www.themoviedb.org/movie/8909
11 Harrowhouse,5/24/2021,jim,7.0,9.0,5.0,7,1974.0,,,42268,"A small time diamond merchant jumps at the chance to supervise the purchase and cutting of a large first class diamond. But when the diamond is stolen from him, he is blackmailed into pulling off a major heist at the Diamond Exchange, located at 11 Harrowhouse.","Drama, Action, Comedy, Crime",1974-09-26,5.7,23,https://www.themoviedb.org/movie/42268
Cut Bank,5/31/2021,jon,7.0,9.0,8.0,8,2014.0,,,276902,"25-year-old Dwayne McLaren, a former athlete turned auto mechanic, dreams of getting out of tiny Cut Bank, Montana the coldest town in America. But his effort to do so sets in motion a deadly series of events that change his life and the life of the town forever...","Crime, Drama, Mystery, Thriller",2014-10-04,5.735,311,https://www.themoviedb.org/movie/276902
Push,6/7/2021,phill,5.0,7.0,5.0,6,2009.0,,,13455,"After his father, an assassin, is brutally murdered, Nick Gant vows revenge on Division, the covert government agency that dabbles in psychic warfare and experimental drugs. Hiding in Hong Kong's underworld, Nick assembles a band of rogue psychics dedicated to destroying Division. Together with Cassie, a teenage clairvoyant, Nick goes in search of a missing girl and a stolen suitcase that could be the key to accomplishing their mutual goal.","Science Fiction, Action, Adventure, Thriller",2009-02-04,6.146,2210,https://www.themoviedb.org/movie/13455
The Amusement Park,6/14/2021,jim,1.0,3.0,1.0,2,1975.0,,,560981,An elderly gentleman sets out for what he thinks will be a normal day at an amusement park and is soon embroiled in a waking nightmare.,Horror,1975-03-23,6.2,91,https://www.themoviedb.org/movie/560981
Garbage Pail Kids The Movie,6/21/2021,jon,4.0,10.0,7.0,7,1987.0,,,14443,Seven disgusting kids but nevertheless of interesting personality are being made of the green mud coming out of garbage can. Once alive their master gives them rules to obey although they think that life is funnier without following stupid regulations like no television or no candy. Naturally this will cause some conflicts.,"Adventure, Science Fiction, Comedy, Family",1987-08-22,3.6,91,https://www.themoviedb.org/movie/14443
Salt,6/28/2021,phill,7.0,7.0,7.0,7,2010.0,,,27576,"As a CIA officer, Evelyn Salt swore an oath to duty, honor and country. Her loyalty will be tested when a defector accuses her of being a Russian spy. Salt goes on the run, using all her skills and years of experience as a covert operative to elude capture. Salt's efforts to prove her innocence only serve to cast doubt on her motives, as the hunt to uncover the truth behind her identity continues and the question remains: ""Who is Salt?""","Action, Mystery, Thriller",2010-07-21,6.414,5325,https://www.themoviedb.org/movie/27576
Fearstreet 94,7/5/2021,jim,7.0,7.0,5.0,6,2021.0,,,,,,,,,
Don Verdean,7/12/2021,jon,6.0,6.0,7.0,6,2015.0,,,309298,Biblical archaeologist Don Verdean is hired by a local church pastor to find faith-promoting relics in the Holy Land. But after a fruitless expedition he is forced to get creative in this comedy of faith and fraud.,Comedy,2015-12-01,4.8,115,https://www.themoviedb.org/movie/309298
Vicious Lips,Jon's B-Day,jon,2.0,3.0,2.0,2,1986.0,,,38134,"Sometime in the distant future, a fledgling band gets an opportunity for a breakthrough, if they can make it in time to a faraway planet to perform in a very popular club.","Comedy, Horror, Music, Science Fiction",1987-02-01,4.8,37,https://www.themoviedb.org/movie/38134
Defending Your Life,7/19/2021,phill,7.0,3.0,4.0,5,1991.0,,,12186,"Is there love after death? After he dies suddenly, the hapless advertising executive Daniel Miller finds himself in Judgment City, a gleaming way station where the newly deceased must prove they lived a life of sufficient courage to advance in their journey through the universe. As the self-doubting Daniel struggles to make his case, a budding relationship with the uninhibited Julia offers him a chance to finally feel alive.","Comedy, Fantasy, Romance",1991-03-22,7.0,254,https://www.themoviedb.org/movie/12186
State and Main,Phill's B-Day,phill,9.0,7.0,9.0,8,2000.0,,,21991,A movie crew invades a small town whose residents are all too ready to give up their values for showbiz glitz.,"Comedy, Drama",2000-08-26,6.328,203,https://www.themoviedb.org/movie/21991
In the Mouth of Madness,7/26/2021,jim,7.0,10.0,7.0,8,1994.0,,,2654,An insurance investigator begins discovering that the impact a horror writer's books have on his fans is more than inspirational.,"Horror, Thriller, Mystery",1995-02-03,7.201,1585,https://www.themoviedb.org/movie/2654
Fried Barry,8/2/2021,jon,5.0,10.0,8.0,8,2020.0,,,718558,"Barry is a drug-addled, abusive bastard who - after yet another bender - is abducted by aliens. Barry takes a backseat as an alien visitor assumes control of his body and takes it for a joyride through Cape Town. What follows is an onslaught of drugs, sex, and violence as our alien tourist enters the weird and wonderful world of humankind.","Horror, Comedy, Science Fiction",2020-03-06,5.0,66,https://www.themoviedb.org/movie/718558
Nobody,8/9/2021,phill,9.0,9.0,9.0,9,2021.0,,,615457,"Hutch Mansell, a suburban dad, overlooked husband, nothing neighbor — a ""nobody."" When two thieves break into his home one night, Hutch's unknown long-simmering rage is ignited and propels him on a brutal path that will uncover dark secrets he fought to leave behind.","Action, Thriller",2021-03-18,7.967,6813,https://www.themoviedb.org/movie/615457
New Mutants,8/16/2021,jim,6.0,6.0,5.0,6,2020.0,,,340102,"Five young mutants, just discovering their abilities while held in a secret facility against their will, fight to escape their past sins and save themselves.","Science Fiction, Horror, Action, Mystery, Adventure",2020-04-02,6.1,3306,https://www.themoviedb.org/movie/340102
The Oak Room,8/23/2021,jon,5.0,8.0,7.0,7,2020.0,,,717021,"During a raging snowstorm, a drifter returns home to the blue-collar bar located in the remote Canadian town where he was born. When he offers to settle an old debt with a grizzled bartender by telling him a story, the night's events quickly spin into a dark tale of mistaken identities, double-crosses and shocking violence.","Thriller, Horror, Mystery",2020-11-27,5.595,42,https://www.themoviedb.org/movie/717021
News of the World,8/30/2021,phill,6.0,5.0,7.0,6,2020.0,,,581032,"A Texan traveling across the wild West bringing the news of the world to local townspeople, agrees to help rescue a young girl who was kidnapped.","Drama, Western, Adventure",2020-12-25,6.971,1692,https://www.themoviedb.org/movie/581032
The Adventures of Sherlock Holmes' Smarter Brother,9/6/2021,jim,6.0,8.0,6.0,7,1975.0,,,29859,"After spending decades living in the shadow of his more famous and successful sibling, Consulting Detective Sigerson Holmes (Wilder) is called upon to help solve a crucial case that leads him on a hilarious trail of false identities, stolen documents, secret codes... and exposed backsides.","Comedy, Crime, Mystery",1975-12-14,5.983,144,https://www.themoviedb.org/movie/29859
The Drop,9/13/2021,jon,8.0,8.0,8.0,8,2014.0,,,154400,"Bob Saginowski finds himself at the center of a robbery gone awry and entwined in an investigation that digs deep into the neighborhood's past where friends, families, and foes all work together to make a living - no matter the cost.","Drama, Crime",2014-09-12,6.772,2099,https://www.themoviedb.org/movie/154400
Ghost in the Shell (2017),9/20/2021,phill,4.0,4.0,4.0,4,2017.0,,,,,,,,,
Hysterical,9/27/2021,jim,2.0,3.0,3.0,3,1982.0,,,804024,"An honest and hilarious backstage pass into the lives of some of stand-up comedy’s most boundary-breaking women, exploring the hard-fought journey to become the voices of their generation and their gender.",Documentary,2021-03-20,6.2,8,https://www.themoviedb.org/movie/804024
The House that Jack Built,10/4/2021,jon,5.0,6.0,7.0,6,2018.0,,,398173,"Failed architect, engineer and vicious murderer Jack narrates the details of some of his most elaborately orchestrated crimes, each of them a towering piece of art that defines his life's work as a serial killer for twelve years.","Drama, Horror, Crime, Thriller",2018-07-05,7.146,2636,https://www.themoviedb.org/movie/398173
The Mortuary Collection,10/11/2021,phill,8.0,7.0,6.0,7,2019.0,,,524216,"In the phantasmagorical town of Raven's End, a misguided young girl takes refuge in a decrepit old mortuary. The eccentric undertaker chronicles the strange history of the town through a series of twisted tales, each more terrifying than the last, but the young girl's world is unhinged when she discovers that the final story... is her own.","Fantasy, Horror",2020-09-25,6.726,406,https://www.themoviedb.org/movie/524216
Pontypool,10/18/2021,jim,6.0,8.0,5.0,6,2008.0,,,23963,"When disc jockey Grant Mazzy reports to his basement radio station in the Canadian town of Pontypool, he thinks it's just another day at work. But when he hears reports of a virus that turns people into zombies, Mazzy barricades himself in the radio booth and tries to figure out a way to warn his listeners about the virus and its unlikely mode of transmission.","Horror, Mystery, Science Fiction",2009-03-06,6.458,591,https://www.themoviedb.org/movie/23963
Summer of Blood,10/25/2021,jon,4.0,4.0,4.0,4,2014.0,,,265449,Lousy lover and egocentric Eric Sparrow is dumped by his girlfriend after rejecting her marital proposal. After a few failed dates his luck turns when a chance encounter with a vampire turns him into a sex god.,"Horror, Comedy",2014-10-17,4.8,32,https://www.themoviedb.org/movie/265449
Freaky,11/1/2021,phill,7.0,7.0,7.0,7,2020.0,,,551804,"A mystical, ancient dagger causes a notorious serial killer to magically switch bodies with a 17-year-old girl.","Comedy, Horror, Thriller",2020-11-12,6.572,1558,https://www.themoviedb.org/movie/551804
Clockwise,11/8/2021,jim,4.0,7.0,3.0,5,1986.0,,,11938,An uncompromising British school headmaster finds himself beset by one thing going wrong after another.,Comedy,1986-03-01,6.3,181,https://www.themoviedb.org/movie/11938
Postal,11/15/2021,jon,4.0,5.0,4.0,4,2007.0,,,2728,"The story begins with a regular Joe who tries desperately to seek employment, but embarks on a violent rampage when he teams up with cult leader Uncle Dave. Their first act is to heist an amusement park, only to learn that the Taliban are planning the same heist as well. Chaos ensues, and now the Postal Dude must not only take on terrorists but also political figures.","Comedy, Action, Crime, Adventure, Thriller",2007-10-18,4.607,323,https://www.themoviedb.org/movie/2728
Moonrise Kingdom,11/22/2021,phill,7.0,6.0,4.0,6,2012.0,,,83666,"Set on an island off the coast of New England in the summer of 1965, Moonrise Kingdom tells the story of two twelve-year-olds who fall in love, make a secret pact, and run away together into the wilderness. As various authorities try to hunt them down, a violent storm is brewing off-shore – and the peaceful island community is turned upside down in more ways than anyone can handle.","Comedy, Drama, Romance",2012-05-16,7.7,5691,https://www.themoviedb.org/movie/83666
Mandy,11/29/2021,jim,3.0,8.0,3.0,5,2018.0,,,460885,"The Shadow Mountains, 1983. Red and Mandy lead a loving and peaceful existence; but when their pine-scented haven is savagely destroyed, Red is catapulted into a phantasmagoric journey filled with bloody vengeance and laced with fire.","Fantasy, Action, Horror",2018-09-13,6.195,1832,https://www.themoviedb.org/movie/460885
Million Dollar Mystery,Jim's B-Day,jim,5.0,7.0,6.0,6,1987.0,,,84499,"A dying man in a roadside diner tells the other patrons about money he has hidden in four places.  But instead of directions, he leaves them only with clues they must solve in order to claim the loot. Released with a promotional tie-in for Glad-Lock brand bags.","Comedy, Thriller",1987-06-12,4.6,11,https://www.themoviedb.org/movie/84499
8-bit Christmas ,12/6/2021,jon,7.0,7.0,8.0,7,2021.0,,,802217,"In suburban Chicago during the late 1980s, ten-year-old Jake Doyle embarks on a herculean quest to get the latest and greatest video game system for Christmas.","Family, Comedy, Fantasy",2021-11-24,6.364,361,https://www.themoviedb.org/movie/802217
The Man Who Invented Christmas,12/13/2021,phill,7.0,7.0,10.0,8,2017.0,,,450322,"In 1843, despite the fact that Dickens is a successful writer, the failure of his latest book puts his career at a crossroads, until the moment when, struggling with inspiration and confronting reality with his childhood memories, a new character is born in the depths of his troubled mind; an old, lonely, embittered man, so vivid, so human, that a whole world grows around him, a story so inspiring that changed the meaning of Christmas forever.","Drama, History, Comedy, Family",2017-10-12,6.849,772,https://www.themoviedb.org/movie/450322
Trapped in Paradise,12/20/2021,jim,4.0,7.0,5.0,5,1994.0,,,23719,Residents of a friendly Pennsylvania town foil three brothers' plan to rob a bank on Christmas Eve.,"Action, Comedy",1994-12-02,5.601,230,https://www.themoviedb.org/movie/23719
Better Watch Out,12/27/2021,jon,8.0,8.0,9.0,8,2016.0,,,406994,"On a quiet suburban street tucked within a 'safe neighborhood', a babysitter must defend a twelve-year-old boy from strangers breaking into the house, only to discover that this is far from a normal home invasion.","Comedy, Horror, Thriller",2017-10-06,6.686,1439,https://www.themoviedb.org/movie/406994
Iron Giant,1/3/2022,phill,8.0,8.0,8.0,8,1999.0,,,10386,"In the small town of Rockwell, Maine in October 1957, a giant metal machine befriends a nine-year-old boy and ultimately finds its humanity by unselfishly saving people from their own fears and prejudices.","Family, Animation, Science Fiction, Adventure",1999-08-06,7.942,5399,https://www.themoviedb.org/movie/10386
Ghostbusters Afterlife,1/10/2022,jim,9.0,10.0,10.0,10,2021.0,,,425909,"When single mom Callie and her two kids Trevor and Phoebe arrive in a small Oklahoma town, they begin to discover their connection to the original Ghostbusters and the secret legacy their grandfather left behind.","Fantasy, Comedy, Adventure, Science Fiction",2021-11-18,7.4,4414,https://www.themoviedb.org/movie/425909
TMNT III,1/17/2022,jon,6.0,7.0,7.0,7,1993.0,,,,,,,,,
Son of Rambow,1/24/2022,phill,5.0,5.0,6.0,5,2007.0,,,13258,"Will is looking for an escape from his family when he encounters Lee, the school bully. Armed with a video camera and a copy of Rambo, Lee plans to make his own action-packed video epic.",Comedy,2007-01-22,6.73,434,https://www.themoviedb.org/movie/13258
Popcorn,1/31/2022,jim,4.0,8.0,3.0,5,1991.0,,,39875,"While holding a horror film festival, a group of film students find themselves stalked by a madman who may have a sinister connection to a cult leader.","Comedy, Horror",1991-02-01,5.679,131,https://www.themoviedb.org/movie/39875
Bubba Ho-tep,2/7/2022,jon,5.0,8.0,7.0,7,2002.0,,,9707,"Bubba Ho-tep tells the ""true"" story of what really did become of Elvis Presley. We find Elvis as an elderly resident in an East Texas rest home, who switched identities with an Elvis impersonator years before his ""death,"" then missed his chance to switch back. He must team up with JFK and fight an ancient Egyptian mummy for the souls of their fellow residents.","Comedy, Horror, Thriller, Mystery, Fantasy",2002-06-09,6.54,582,https://www.themoviedb.org/movie/9707
Eat Wheaties,2/14/2022,phill,6.0,5.0,6.0,6,2020.0,,,659551,"Sid Straw leads a dull life until he accidentally stalks famous college friend, Elizabeth Banks, on social media. With each failed attempt to prove he knows her, he rediscovers more of himself and the true meaning of friendship.","Comedy, Drama",2020-09-25,5.5,18,https://www.themoviedb.org/movie/659551
Sneakers,2/21/2022,jim,7.0,7.0,6.0,7,1992.0,,,2322,"When shadowy U.S. intelligence agents blackmail a reformed computer hacker and his eccentric team of security experts into stealing a code-breaking 'black box' from a Soviet-funded genius, they uncover a bigger conspiracy. Now, he and his 'sneakers' must save themselves and the world economy by retrieving the box from their blackmailers.","Comedy, Crime, Drama",1992-09-09,6.9,871,https://www.themoviedb.org/movie/2322
Belfast,2/28/2022,jon,7.0,5.0,6.0,6,2021.0,,,777270,"Buddy is a young boy on the cusp of adolescence, whose life is filled with familial love, childhood hijinks, and a blossoming romance. Yet, with his beloved hometown caught up in increasing turmoil, his family faces a momentous choice: hope the conflict will pass or leave everything they know behind for a new life.","Drama, History",2021-11-12,7.091,1432,https://www.themoviedb.org/movie/777270
The Old Man & The Gun,3/7/2022,phill,6.0,6.0,5.0,6,2018.0,,,429203,"The true story of Forrest Tucker, from his audacious escape from San Quentin at the age of 70 to an unprecedented string of heists that confounded authorities and enchanted the public. Wrapped up in the pursuit are a detective, who becomes captivated with Forrest’s commitment to his craft, and a woman, who loves him in spite of his chosen profession.","Comedy, Crime, Drama",2018-09-27,6.424,1355,https://www.themoviedb.org/movie/429203
Psycho Goreman,3/17/2022,jim,7.0,8.0,7.0,7,2020.0,,,670428,"Siblings Mimi and Luke unwittingly resurrect an ancient alien overlord. Using a magical amulet, they force the monster to obey their childish whims, and accidentally attract a rogues’ gallery of intergalactic assassins to small-town suburbia.","Science Fiction, Comedy, Horror",2020-10-29,6.0,334,https://www.themoviedb.org/movie/670428
Benny Loves You,3/21/2022,jon,6.0,7.0,7.0,7,2019.0,,,647302,"Jack, a man desperate to improve his life, throws away his beloved childhood plush, Benny. It’s a move that has disastrous consequences when Benny springs to life with deadly intentions!","Horror, Comedy",2019-11-21,5.9,205,https://www.themoviedb.org/movie/647302
Jungle Cruise,3/28/2022,phill,7.0,7.0,7.0,7,2021.0,,,451048,"Dr. Lily Houghton enlists the aid of wisecracking skipper Frank Wolff to take her down the Amazon in his dilapidated boat. Together, they search for an ancient tree that holds the power to heal – a discovery that will change the future of medicine.","Action, Adventure, Fantasy",2021-07-28,7.379,5521,https://www.themoviedb.org/movie/451048
The Sword of the Valiant,4/4/2022,jim,2.0,3.0,2.0,2,1984.0,,,30584,"Gawain was a squire in King Arthur's court when the Green Knight burst in and offered to play a game with a brave knight. Gawain journeys across the land, learning about life, saving damsels, and solving the Green Knight's riddle.","Adventure, Fantasy",1984-08-17,5.3,50,https://www.themoviedb.org/movie/30584
E.T. The Extra Terrestrial ,4/11/2022,jon,8.0,8.0,9.0,8,1982.0,,,601,"An alien is left behind on Earth and saved by the 10-year-old Elliot who decides to keep him hidden in his home. While a task force hunts for the extra-terrestrial, Elliot, his brother, and his little sister Gertie form an emotional bond with their new friend, and try to help him find his way home.","Science Fiction, Adventure, Family, Fantasy",1982-06-11,7.518,10940,https://www.themoviedb.org/movie/601
Donnie Darko,4/18/2022,phill,8.0,8.0,9.0,8,2001.0,,,141,"After narrowly escaping a bizarre accident, a troubled teenager is plagued by visions of a large bunny rabbit that manipulates him to commit a series of crimes.","Fantasy, Drama, Mystery",2001-01-19,7.78,12127,https://www.themoviedb.org/movie/141
The Fifth Element,4/25/2022,jim,7.0,8.0,7.0,7,1997.0,,,18,"In 2257, a taxi driver is unintentionally given the task of saving a young girl who is part of the key that will ensure the survival of humanity.","Adventure, Fantasy, Action, Thriller, Science Fiction",1997-05-02,7.549,10463,https://www.themoviedb.org/movie/18
The Voices,5/2/2022,jon,7.0,7.0,9.0,8,2014.0,,,244458,"A mentally unhinged factory worker must decide whether to listen to his talking cat and become a killer, or follow his dog's advice to keep striving for normalcy.","Comedy, Crime, Horror, Fantasy",2014-01-19,6.239,1700,https://www.themoviedb.org/movie/244458
Get Low,5/9/2022,phill,8.0,8.0,8.0,8,2009.0,,,44718,"A movie spun out of equal parts folk tale, fable and real-life legend about the mysterious, 1930s Tennessee hermit who famously threw his own rollicking funeral party... while he was still alive.","Drama, Mystery, Comedy",2010-07-30,6.708,281,https://www.themoviedb.org/movie/44718
Tremors,5/16/2022,jim,7.0,7.0,8.0,7,1990.0,,,9362,"Val McKee and Earl Bassett are in a fight for their lives when they discover that their desolate town has been infested with gigantic, man-eating creatures that live below the ground.","Horror, Action, Science Fiction, Comedy",1990-01-19,6.897,3125,https://www.themoviedb.org/movie/9362
Everything Everywhere All at Once,5/23/2022,jon,7.0,9.0,7.0,8,2022.0,,,545611,"An aging Chinese immigrant is swept up in an insane adventure, where she alone can save what's important to her by connecting with the lives she could have led in other universes.","Action, Adventure, Science Fiction",2022-03-24,7.785,6153,https://www.themoviedb.org/movie/545611
Dark City,5/31/2022,phill,7.0,6.0,7.0,7,1998.0,,,2666,"A man struggles with memories of his past, including a wife he cannot remember, in a nightmarish world with no sun and run by beings with telekinetic powers who seek the souls of humans.","Mystery, Science Fiction",1998-02-27,7.325,2712,https://www.themoviedb.org/movie/2666
The Silence of the Hams,6/7/2022,jim,3.0,5.0,3.0,4,1994.0,,,10450,"The federal agent Joe Dee Foster is currently investigating a serial killer, helped by doctor Animal who is isolated in a maximum security jail.","Thriller, Comedy",1994-03-11,4.9,175,https://www.themoviedb.org/movie/10450
Freeway,6/14/2022,jon,6.0,6.0,7.0,6,1996.0,,,11229,"Following the arrest of her mother, Ramona, young Vanessa Lutz decides to go in search of her estranged grandmother. On the way, she is given a ride by school counselor Bob Wolverton. During the journey, Lutz begins to realize that Bob is the notorious I-5 Killer and manages to escape by shooting him several times. Wounded but still very much alive, Bob pursues Lutz across the state in this modern retelling of Little Red Riding Hood.","Comedy, Crime, Thriller",1996-08-23,6.455,355,https://www.themoviedb.org/movie/11229
Explorers,6/21/2022,phill,5.0,7.0,5.0,6,1985.0,,,9872,"Middle schooler Ben spends his free time watching sci-fi films, playing video games and reading comic books. Surprisingly, his affinity for all things fantastical yields a real result – when he has a vivid dream about technology, his prodigy best friend Wolfgang manages to create a working spacecraft. Joined by their buddy Darren, the boys take off into outer space and encounter some very odd extraterrestrial life.","Family, Science Fiction, Fantasy",1985-07-12,6.2,435,https://www.themoviedb.org/movie/9872
The Dream Team,6/28/2022,jim,7.0,7.0,7.0,7,1989.0,,,14550,"Four mental patients on a field trip in New York City must save their caring chaperone, who ends up being taken to a hospital in a coma after accidentally witnessing a murder, before the killers can find him and finish the job.","Comedy, Crime, Thriller",1989-04-07,6.1,214,https://www.themoviedb.org/movie/14550
Beavis and Butthead Do the Universe,Jon's B-day,jon,8.0,8.0,10.0,9,2022.0,,,828947,"In 1998, Beavis and Butt-Head are sentenced to Space Camp by a “creative” judge. Their obsession with a docking simulator (huh huh) leads to a trip on the Space Shuttle, with predictably disastrous results. After going through a black hole, they re-emerge in our time, where they look for love, misuse iPhones, and are hunted by the Deep State. Spoiler: They don’t score.","Animation, Comedy, Science Fiction",2022-06-23,7.0,200,https://www.themoviedb.org/movie/828947
Revealer,7/5/2022,jon,3.0,2.0,3.0,3,2022.0,,,884882,Tensions rise when a stripper and religious protester are trapped together in a peep show booth and must come together to survive the apocalypse in 1980s Chicago.,Horror,2022-06-23,5.3,16,https://www.themoviedb.org/movie/884882
The Natural,Phil's B-day,phill,10.0,8.0,7.0,8,1984.0,,,11393,An unknown middle-aged batter named Roy Hobbs with a mysterious past appears out of nowhere to take a losing 1930s baseball team to the top of the league.,Drama,1984-05-11,6.895,571,https://www.themoviedb.org/movie/11393
Remo Williams,7/12/2022,phill,7.0,7.0,6.0,7,1985.0,,,10553,"An officially ""dead"" cop is trained to become an extraordinary unique assassin in service of the U.S. President.","Comedy, Action, Adventure",1985-10-11,6.256,241,https://www.themoviedb.org/movie/10553
Villians,7/19/2022,jim,7.0,6.0,6.0,6,2019.0,,,340739,"A rural magistracy encounters three scourges that threaten destruction to the entire village: a fierce tiger, a demonic dragon and a criminal convict fugitive who turns out to be the only hope for salvation to defeat the other two evils.","Fantasy, Adventure",1969-01-01,0.0,0,https://www.themoviedb.org/movie/340739
Strawberry Mansion,7/26/2022,jon,6.0,6.0,5.0,6,2021.0,,,776561,"In the not-too-distant future, an all-seeing surveillance state conducts “dream audits” to collect taxes on the unconscious lives of the populace. Mild-mannered government agent James Preble travels to a remote farmhouse to audit the dreams of Arabella “Bella” Isadora, an eccentric, aging artist. Entering Bella’s vast VHS archive, which contains a lifetime of dreams, Preble stumbles upon a secret that offers him a chance at love—and hope for escape.","Fantasy, Science Fiction, Adventure",2021-07-22,6.772,46,https://www.themoviedb.org/movie/776561
The Dry,8/2/2022,phill,7.0,7.0,7.0,7,2020.0,,,567797,Aaron Falk returns to his drought-stricken hometown to attend a tragic funeral. But his return opens a decades-old wound - the unsolved death of a teenage girl.,"Crime, Thriller, Mystery",2021-01-01,6.797,607,https://www.themoviedb.org/movie/567797
The Stuff,8/9/2022,jim,3.0,7.0,5.0,5,1985.0,,,18502,"Amalgamated Dairies hires David Rutherford, an FBI man turned industrial saboteur, to investigate a popular new product called “the Stuff,” a new dessert product that is blowing ice cream sales out of the water. Nobody knows how it’s made or what’s in it, but people are lining up to buy it. It's got a delicious flavor to die for!","Horror, Science Fiction, Comedy",1985-06-14,5.898,430,https://www.themoviedb.org/movie/18502
Vengeance,8/16/2022,jon,9.0,7.0,10.0,9,2022.0,,,683340,A journalist and podcaster from New York City travels to West Texas in order to report on the death of a girl he was hooking up with.,"Thriller, Mystery, Comedy",2022-07-29,6.62,333,https://www.themoviedb.org/movie/683340
The Northman,8/23/2022,phill,7.0,7.0,4.0,6,2022.0,,,639933,"Prince Amleth is on the verge of becoming a man when his father is brutally murdered by his uncle, who kidnaps the boy's mother. Two decades later, Amleth is now a Viking who's on a mission to save his mother, kill his uncle and avenge his father.","Action, Adventure, Fantasy",2022-04-07,7.061,4079,https://www.themoviedb.org/movie/639933
The Black Phone,8/30/2022,jim,7.0,8.0,8.0,8,2021.0,,,756999,"Finney Blake, a shy but clever 13-year-old boy, is abducted by a sadistic killer and trapped in a soundproof basement where screaming is of little use. When a disconnected phone on the wall begins to ring, Finney discovers that he can hear the voices of the killer’s previous victims. And they are dead set on making sure that what happened to them doesn’t happen to Finney.","Horror, Thriller",2022-06-22,7.618,4671,https://www.themoviedb.org/movie/756999
What Josiah Saw,9/6/2022,jon,5.0,6.0,6.0,6,2021.0,,,696605,A family with buried secrets reunite at a farmhouse after two decades to pay for their past sins.,"Horror, Thriller",2021-08-13,5.907,54,https://www.themoviedb.org/movie/696605
The Rocketeer,9/13/2022,phill,6.0,7.0,6.0,6,1991.0,,,10249,"A stunt pilot comes across a prototype jetpack that gives him the ability to fly. However, evil forces of the world also want this jetpack at any cost.","Action, Adventure, Science Fiction, Family",1991-06-21,6.481,895,https://www.themoviedb.org/movie/10249
The Greasy Strangler,9/20/2022,jim,2.0,10.0,6.0,6,2016.0,,,320413,"Ronnie runs a Disco walking tour with his son, Brayden. When a sexy woman takes the tour, it begins a competition between father and son for her love. It also signals the arrival of an oily strangler who stalks the streets at night.","Comedy, Horror, Thriller",2016-06-03,5.7,179,https://www.themoviedb.org/movie/320413
Popstar: Never Stop Never Stopping,9/27/2022,jon,7.0,8.0,8.0,8,2016.0,,,341012,"When his new album fails to sell records, pop/rap superstar Conner4real goes into a major tailspin and watches his celebrity high life begin to collapse. He'll try anything to bounce back, anything except reuniting with his old rap group The Style Boyz.","Comedy, Music",2016-06-03,6.624,1205,https://www.themoviedb.org/movie/341012
Lady in White,10/4/2022,phill,6.0,6.0,6.0,6,1988.0,,,49365,"Locked in a school closet during Halloween 1962, young Frank witnesses the ghost of a young girl and the man who murdered her years ago. Shortly afterward he finds himself stalked by the killer and is soon drawn to an old house where a mysterious Lady In White lives. As he discovers the secret of the woman he soon finds that the killer may be someone close to him.","Mystery, Horror, Thriller",1988-04-22,6.114,114,https://www.themoviedb.org/movie/49365
Creep 2,10/11/2022,jim,7.0,8.0,8.0,8,2017.0,,,396493,"After finding an ad online for “video work,” Sara, a video artist whose primary focus is creating intimacy with lonely men, thinks she may have found the subject of her dreams. She drives to a remote house in the forest and meets a man claiming to be a serial killer. Unable to resist the chance to create a truly shocking piece of art, she agrees to spend the day with him. However, as the day goes on, she discovers she may have dug herself into a hole from which she can’t escape.",Horror,2017-10-14,6.306,757,https://www.themoviedb.org/movie/396493
Spirit Halloween,10/18/2022,jon,4.0,2.0,4.0,3,2022.0,,,961427,A group of middle schoolers discover a Spirit Halloween store is haunted and must survive the night.,"Adventure, Family, Horror, Fantasy, Mystery",2022-09-30,5.948,77,https://www.themoviedb.org/movie/961427
Hereditary,10/25/2022,phill,6.0,7.0,9.0,7,2018.0,,,493922,"Following the death of Ellen Leigh, the matriarch of their family, her daughter Annie and the rest of the family start to uncover disturbing secrets about their heritage.  Their daily lives are not only impacted, but they also become entangled in a chilling fate from which they cannot escape, driving them to the brink of madness.","Horror, Mystery, Thriller",2018-06-07,7.29,7358,https://www.themoviedb.org/movie/493922
Mr. Harrigans Phone,11/1/2022,jim,7.0,7.0,6.0,7,2022.0,,,723419,"Craig, a young boy living in a small town befriends an older, reclusive billionaire, Mr. Harrigan. The two form a bond over books and an iPhone, but when the man passes away the boy discovers that not everything dead is gone.","Drama, Thriller, Horror, Mystery",2022-10-05,6.429,773,https://www.themoviedb.org/movie/723419
Gifted,11/8/2022,jon,6.0,7.0,7.0,7,2017.0,,,400928,"Frank, a single man raising his child prodigy niece Mary, is drawn into a custody battle with his mother.","Drama, Comedy",2017-04-07,8.037,5269,https://www.themoviedb.org/movie/400928
Hoosiers,11/15/2022,phill,9.0,7.0,7.0,8,1986.0,,,5693,"Failed college coach Norman Dale gets a chance at redemption when he is hired to coach a high school basketball team in a tiny Indiana town. After a teacher persuades star player Jimmy Chitwood to quit and focus on his long-neglected studies, Dale struggles to develop a winning team in the face of community criticism for his temper and his unconventional choice of assistant coach: Shooter, a notorious alcoholic.","Drama, Family",1986-11-14,7.09,483,https://www.themoviedb.org/movie/5693
Weird; The Al Yankovic Story,11/22/2022,jim,6.0,9.0,8.0,8,2022.0,,,928344,"Exploring every facet of ‘Weird Al’ Yankovic’s life, from his meteoric rise to fame with early hits like ‘Eat It’ and ‘Like a Surgeon’ to his torrid celebrity love affairs and famously depraved lifestyle, this biopic takes audiences on a truly unbelievable journey through Yankovic’s life and career, from gifted child prodigy to the greatest musical legend of all time.","Music, Comedy, Crime",2022-09-08,6.7,387,https://www.themoviedb.org/movie/928344
Snakes on a Plane,11/29/2022,jon,6.0,7.0,6.0,6,2006.0,,,326,"FBI agent Neville Flynn boards a flight from Honolulu, Hawaii to Los Angeles, escorting a key witness to testify against a mob boss at an upcoming trial. An on-board assassin releases a crate full of hundreds of deadly venomous snakes in an attempt to eliminate the witness. Flynn and a host of frightened passengers and crew must band together to survive the slithery threat.","Action, Crime, Thriller, Adventure",2006-08-17,5.4,1710,https://www.themoviedb.org/movie/326
Scavenger Hunt,Jim's Bday,jim,6.0,6.0,4.0,5,1979.0,,,23050,"An eccentric games inventor dies and leaves behind an inheritance worth hundreds of millions of dollars - which will only be given to the person or team, amongst his family and hired help, who wins a madcap scavenger hunt.",Comedy,1979-12-21,5.7,32,https://www.themoviedb.org/movie/23050
Fred Claus,12/6/2022,phill,7.0,7.0,9.0,8,2007.0,,,5375,"Fred Claus and Santa Claus have been estranged brothers for many years. Now Fred must reconcile his differences with his brother whom he believes overshadows him. When an efficiency expert assesses the workings at the North Pole and threatens to shut Santa down, Fred must help his brother to save Christmas.","Action, Comedy, Drama",2007-11-09,5.794,814,https://www.themoviedb.org/movie/5375
The Night They Saved Christmas,12/13/2022,jim,6.0,9.0,7.0,7,1984.0,,,40934,"An oil company is exploring two Arctic sites for oil. The needed blasting at the first site rocks Santa Claus' North Pole village. He realizes that any blasting at the second site will destroy his home. He enlists the aid of a woman and her children to convince her husband (who works for the company) that the first site is where the oil they want is. Along the way, Santa explains all his secrets in delivering presents all around the world.","Drama, Family",1984-12-13,5.816,19,https://www.themoviedb.org/movie/40934
Daddy's Home 2,12/20/2022,jon,7.0,7.0,8.0,7,2017.0,,,419680,Brad and Dusty must deal with their intrusive fathers during the holidays.,Comedy,2017-11-09,6.293,2456,https://www.themoviedb.org/movie/419680
The Man Who Came To Dinner,12/26/2022,phill,7.0,5.0,5.0,6,1942.0,,,26319,An acerbic critic wreaks havoc when a hip injury forces him to move in indefinitely with a Midwestern family.,"Comedy, Romance",1941-12-24,6.8,72,https://www.themoviedb.org/movie/26319
Four Rooms,1/3/2023,jim,7.0,9.0,7.0,8,1995.0,,,5,It's Ted the Bellhop's first night on the job...and the hotel's very unusual guests are about to place him in some outrageous predicaments. It seems that this evening's room service is serving up one unbelievable happening after another.,Comedy,1995-12-09,5.83,2579,https://www.themoviedb.org/movie/5
Sorcerer's Apprentice,1/10/2023,jon,8.0,9.0,9.0,9,2010.0,,,8128,"Krabat, a beggar boy, is lured to become an apprentice to an evil, one-eyed sorcerer. With a number of other boys, he works at the sorcerer's mill while learning black magic. Every Christmas one of the boys has to face the master in a magical duel, where the boy never stands a chance because the master is the only person who is allowed to use a secret spell: The Koraktor.","Animation, Fantasy",1978-03-01,7.3,38,https://www.themoviedb.org/movie/8128
The Old Way,1/17/23,phill,6.0,7.0,7.0,7,2023.0,,,872954,"An old gunslinger and his daughter must face the consequences of his past, when the son of a man he killed years ago arrives to take his revenge.","Western, Drama",2023-01-06,5.9,193,https://www.themoviedb.org/movie/872954
Amos and Andrew,1/24/2023,jim,5.0,6.0,6.0,6,1993.0,,,31000,"When Andrew Sterling, a successful black urbanite writer, buys a vacation home on a resort in New England the police mistake him for a burglar. After surrounding his home with armed men, Chief Tolliver realizes his mistake and to avoid the bad publicity offers a thief in his jail, Amos Odell a deal.","Action, Comedy",1993-03-05,5.404,148,https://www.themoviedb.org/movie/31000
Caveat,1/31/2023,jon,5.0,4.0,5.0,5,2020.0,,,744746,A lone drifter suffering from partial memory loss accepts a job to look after a psychologically troubled woman in an abandoned house on an isolated island.,"Horror, Mystery",2021-10-20,5.978,91,https://www.themoviedb.org/movie/744746
Bad Times at the El Royale ,2/7/2023,phill,5.0,8.0,6.0,6,2018.0,,,446021,"Lake Tahoe, 1969. Seven strangers, each one with a secret to bury, meet at El Royale, a decadent motel with a dark past. In the course of a fateful night, everyone will have one last shot at redemption.","Thriller, Drama, Mystery, Crime",2018-10-04,6.836,3460,https://www.themoviedb.org/movie/446021
If Looks could Kill,2/14/2023,jim,6.0,7.0,6.0,6,1991.0,,,435478,"Faith is proud to finally be a cop in her hometown where she joins old flame Paul on the force. She is soon troubled and a bit disappointed when he becomes romantically involved with Jessica, a dangerous beauty with a criminal past. So when Jessica starts an affair with an impressionable young man, Faith must build a case against her before Jessica puts her deadly plans in place.","Thriller, Drama, TV Movie",2016-12-31,5.2,9,https://www.themoviedb.org/movie/435478
Donnys Bar Mitzvah,2/21/2023,jon,3.0,8.0,6.0,6,2021.0,,,797884,Donny Drucker's 1998 Bar Mitzvah VHS Tape.,Comedy,2021-03-23,6.3,3,https://www.themoviedb.org/movie/797884
Batman and Superman Battle of the Super Sons,2/28/2023,phill,7.0,7.0,6.0,7,2022.0,,,886396,"After discovering he has powers, 11-year-old Jonathan Kent and assassin-turned-Boy-Wonder Damian Wayne must join forces to rescue their fathers (Superman & Batman) and save the planet from the malevolent alien force known as Starro.","Animation, Action, Science Fiction",2022-10-17,7.668,274,https://www.themoviedb.org/movie/886396
Spies like us,3/7/2023,jim,8.0,9.0,8.0,8,1985.0,,,9080,"Two bumbling government employees think they are U.S. spies, only to discover that they are actually decoys for nuclear war.","Comedy, Adventure",1985-12-06,6.2,602,https://www.themoviedb.org/movie/9080
The Whale,3/14/2023,jon,8.0,7.0,8.0,8,2022.0,,,785084,A reclusive English teacher suffering from severe obesity attempts to reconnect with his estranged teenage daughter for one last chance at redemption.,Drama,2022-12-09,7.864,3623,https://www.themoviedb.org/movie/785084
Hot Tub Time Machine,3/21/2023,phill,6.0,8.0,8.0,7,2010.0,,,23048,"Four pals are stuck in a rut in adulthood: Adam has just been dumped, Lou is a hopeless party animal, Craig is a henpecked husband, and Jacob does nothing but play video games in his basement. But they get a chance to brighten their future by changing their past after a night of heavy drinking in a ski-resort hot tub results in their waking up in 1986.","Science Fiction, Comedy, Adventure",2010-03-26,6.038,2385,https://www.themoviedb.org/movie/23048
Barbarian,3/28/2023,jim,7.0,9.0,6.0,7,2022.0,,,913290,"In town for a job interview, a young woman arrives at her Airbnb late at night only to find that it has been mistakenly double-booked and a strange man is already staying there. Against her better judgement, she decides to stay the night anyway.","Horror, Mystery, Thriller",2022-09-08,6.842,2223,https://www.themoviedb.org/movie/913290
Wrong Cops,4/4/2023,jon,6.0,5.0,6.0,6,2013.0,,,158990,A group of bad cops look to dispose of a body that one of them accidentally shot.,"Crime, Comedy",2013-12-18,6.088,290,https://www.themoviedb.org/movie/158990
Tetris,4/11/2023,phill,8.0,8.0,9.0,8,2023.0,,,726759,"In 1988, American video game salesman Henk Rogers discovers the video game Tetris. When he sets out to bring the game to the world, he enters a dangerous web of lies and corruption behind the Iron Curtain.","Thriller, History, Drama",2023-03-15,7.737,1188,https://www.themoviedb.org/movie/726759
Critters 2: The Main Course,4/18/2023,jim,4.0,7.0,6.0,6,1988.0,,,1213485,"Documentary about the 1988 follow-up film Critters 2. Features interviews with director Mick Garris; actors Liane Curtis, Don Opper, Terrence Mann, and Lin Shaye; producer Barry Opper; critters designers; and more.",Documentary,2018-11-27,0.0,0,https://www.themoviedb.org/movie/1213485
Be Kind Rewind,4/25/2023,jon,5.0,4.0,5.0,5,2008.0,,,4953,"A man whose brain becomes magnetized unintentionally destroys every tape in his friend's video store. In order to satisfy the store's most loyal renter, an aging woman with signs of dementia, the two men set out to remake the lost films.","Drama, Comedy",2008-01-20,6.3,1301,https://www.themoviedb.org/movie/4953
The Equalizer,5/2/2023,phill,8.0,7.0,10.0,8,2014.0,,,156022,"McCall believes he has put his mysterious past behind him and dedicated himself to beginning a new, quiet life. But when he meets Teri, a young girl under the control of ultra-violent Russian gangsters, he can’t stand idly by – he has to help her. Armed with hidden skills that allow him to serve vengeance against anyone who would brutalize the helpless, McCall comes out of his self-imposed retirement and finds his desire for justice reawakened. If someone has a problem, if the odds are stacked against them, if they have nowhere else to turn, McCall will help. He is The Equalizer.","Thriller, Action, Crime",2014-09-24,7.273,8761,https://www.themoviedb.org/movie/156022
Renfield,5/9/2023,jim,8.0,9.0,7.0,8,2023.0,,,649609,"Having grown sick and tired of his centuries as Dracula's lackey, Renfield finds a new lease on life — and maybe even redemption — when he falls for feisty, perennially angry traffic cop Rebecca Quincy.","Comedy, Horror",2023-04-07,6.561,1468,https://www.themoviedb.org/movie/649609
Wizards,5/16/2023,jon,6.0,6.0,6.0,6,1977.0,,,16220,"After the death of his mother, the evil mutant wizard Blackwolf discovers some long-lost military technologies. Full of ego and ambition, Blackwolf claims his mother's throne, assembles an army and sets out to brainwash and conquer Earth. Meanwhile, Blackwolf's gentle twin brother, the bearded and sage Avatar, calls upon his own magical abilities to foil Blackwolf's plans for world domination -- even if it means destroying his own flesh and blood.","Animation, Fantasy, Science Fiction",1977-02-09,6.161,193,https://www.themoviedb.org/movie/16220
Last Looks,5/23/2023,phill,8.0,7.0,7.0,7,2021.0,,,557946,"A disgraced ex-cop seeks solace by moving to the woods, but his quiet life comes to an end when a private eye recruits him to investigate the murder of an eccentric TV star's wife.","Action, Crime, Thriller",2022-01-27,5.9,287,https://www.themoviedb.org/movie/557946
The In-laws,5/30/2023,jim,7.0,8.0,7.0,7,1979.0,,,5146,"Right before his daughter's wedding, a mild-mannered foot doctor discovers that his new in-laws are international smugglers.","Action, Comedy",2003-05-23,5.611,265,https://www.themoviedb.org/movie/5146
Sisu,6/6/2023,jon,9.0,8.0,9.0,9,2022.0,,,840326,"When an ex-soldier who discovers gold in the Lapland wilderness tries to take the loot into the city, German soldiers led by a brutal SS officer battle him.","Action, War, Adventure",2022-09-09,7.482,1944,https://www.themoviedb.org/movie/840326
Extraction,6/13/2023,phill,7.0,7.0,6.0,7,2020.0,,,545609,"Tyler Rake, a fearless mercenary who offers his services on the black market, embarks on a dangerous mission when he is hired to rescue the kidnapped son of a Mumbai crime lord.","Action, Thriller",2020-04-24,7.333,5880,https://www.themoviedb.org/movie/545609
Day Shift,6/20/2023,jim,6.0,8.0,7.0,7,2022.0,,,755566,An LA vampire hunter has a week to come up with the cash to pay for his kid's tuition and braces. Trying to make a living these days just might kill him.,"Action, Fantasy, Horror, Comedy",2022-08-12,6.798,1852,https://www.themoviedb.org/movie/755566
Becky,6/27/2023,jon,7.0,8.0,8.0,8,2020.0,,,1209215,"A newly married couple moves into their home in the suburbs and are warmly welcomed by their neighbors, one of whom takes a dangerous interest in the husband. While his wife is away, they spend an intimate moment together and then agree to keep their distance. But she inserts herself into every aspect of his life, wreaking havoc on his marriage and job until the final explosive confrontation.",Thriller,2024-04-09,6.0,1,https://www.themoviedb.org/movie/1209215
Demon Wind,Jon's Birthday,jon,3.0,7.0,7.0,6,1990.0,,,58899,"The strange and brutal deaths of Cory’s grandparents has haunted him for years. Determined to discover the truth, he has returned to the desolate region where they lived, along with a group of friends, to try and uncover the mystery. Ignoring warnings from the locals that the area is cursed, Cory and his friends soon realize that the legend is true, as the Demon Wind, possesses and destroys them, one by one, turning them into monsters from hell.",Horror,1990-07-05,5.0,69,https://www.themoviedb.org/movie/58899
Suicide Kings,Phill's Birthday,phill,6.0,7.0,6.0,6,1997.0,,,10668,"Carlo, a former mobster, is abducted by five privileged young men desperate to raise a $2 million ransom to save the sister of a friend. As Carlo plays mind games, however, his captors splinter -- each wondering whether one of their own had a hand in the crime.","Action, Comedy, Crime, Drama, Thriller",1998-04-17,6.577,278,https://www.themoviedb.org/movie/10668
Payback,7/4/2023,phill,9.0,7.0,7.0,8,1999.0,,,2112,"With friends like these, who needs enemies? That's the question bad guy Porter is left asking after his wife and partner steal his heist money and leave him for dead -- or so they think. Five months and an endless reservoir of bitterness later, Porter's partners and the crooked cops on his tail learn how bad payback can be.","Action, Drama, Crime",1999-02-05,6.832,1734,https://www.themoviedb.org/movie/2112
Grosse Point Blank,7/11/2023,jim,10.0,9.0,7.0,9,1997.0,,,9434,"Martin Blank is a hitman for hire. When he starts to develop a conscience, he botches a couple of routine jobs. On the advice of his secretary and his psychiatrist, he decides to attend his ten-year high school reunion in Grosse Pointe, Michigan.","Action, Comedy, Thriller, Romance",1997-04-11,6.938,864,https://www.themoviedb.org/movie/9434
Movie 43,7/18/2023,jon,8.0,9.0,9.0,9,2013.0,,,87818,A series of interconnected short films are the backdrop for a maniac screenwriter who pitches insane storylines featuring some of Hollywood's biggest and brightest.,Comedy,2013-01-24,4.6,2231,https://www.themoviedb.org/movie/87818
American Sniper,7/25/2023,phill,6.0,2.0,5.0,4,2014.0,,,190859,"U.S. Navy SEAL Chris Kyle takes his sole mission—protect his comrades—to heart and becomes one of the most lethal snipers in American history. His pinpoint accuracy not only saves countless lives but also makes him a prime target of insurgents. Despite grave danger and his struggle to be a good husband and father to his family back in the States, Kyle serves four tours of duty in Iraq. However, when he finally returns home, he finds that he cannot leave the war behind.","War, Action",2014-12-25,7.43,12580,https://www.themoviedb.org/movie/190859
Pee Wee's Big Adventure,8/1/2023,jim,8.0,10.0,8.0,9,1985.0,,,5683,"The eccentric and childish Pee-wee Herman embarks on a big adventure when his beloved bicycle is stolen. Armed with information from a fortune-teller and a relentless obsession with his prized possession, Pee-wee encounters a host of odd characters and bizarre situations as he treks across the country to recover his bike.","Comedy, Adventure",1985-07-26,6.436,737,https://www.themoviedb.org/movie/5683
Sympathy for the Devil,8/8/2023,jon,6.0,7.0,6.0,6,2023.0,,,1030987,"After being forced to drive a mysterious passenger at gunpoint, a man finds himself in a high-stakes game of cat and mouse where it becomes clear that not everything is as it seems.","Action, Thriller",2023-07-20,6.01,200,https://www.themoviedb.org/movie/1030987
The Machine,8/15/2023,phill,6.0,5.0,5.0,5,2023.0,,,647250,"Bert Kreischer faces a familial crisis and the arrival of his estranged father when the ghost of his booze-soaked past arrives: a murderous mobster hellbent on kidnapping Bert back to the motherland to atone for his crimes. Together, he and his father must retrace the steps of his younger self in the midst of a war between a sociopathic crime family while they attempt to find common ground.","Comedy, Action, Crime",2023-05-25,5.782,146,https://www.themoviedb.org/movie/647250
Hollywood Dreams and Nightmares: The Robert Englund Story,8/22/2023,jim,3.0,7.0,5.0,5,2023.0,,,,,,,,,
O.C. and Stiggs,8/29/2023,jon,3.0,7.0,5.0,5,1987.0,,,27464,"O.C. and Stiggs aren't your average unhappy teenagers. They not only despise their suburban surroundings, they plot against it. They seek revenge against the middle class Schwab family, who embody all they detest: middle class.",Comedy,1987-07-10,4.4,14,https://www.themoviedb.org/movie/27464
The Illusionist ,9/5/2023,phill,6.0,6.0,7.0,6,,,,41201,A French illusionist travels to Scotland to work. He meets a young woman in a small village. Their ensuing adventure in Edinburgh changes both their lives forever.,"Animation, Drama",2010-06-16,7.236,579,https://www.themoviedb.org/movie/41201
The Brood,9/12/2023,jim,4.0,8.0,3.0,5,,,,28942,"A man tries to uncover an unconventional psychologist's therapy techniques on his institutionalized wife, while a series of brutal attacks committed by a brood of mutant children coincides with the husband's investigation.","Horror, Science Fiction",1979-05-25,6.7,674,https://www.themoviedb.org/movie/28942
The Skateboard Kid,9/19/2023,jon,4.0,9.0,8.0,7,,,,125059,"No one could be more bored than Zack, the new kid in town with no friends in sight. When a gang of hip, skateboarding thrashers start cruising his neighborhood, Zack hopes his luck will change. But they want nothing to do with him. Then Zack makes the discovery of his life: a talking wisecracking, magical skateboard. And suddenly, skateboarding rises to entirely new heights.","Family, Comedy, Fantasy",1993-06-23,3.0,20,https://www.themoviedb.org/movie/125059
The Gentlemen ,9/26/2023,phill,9.0,9.0,6.0,8,,,,522627,"American expat Mickey Pearson has built a highly profitable marijuana empire in London. When word gets out that he’s looking to cash out of the business forever it triggers plots, schemes, bribery and blackmail in an attempt to steal his domain out from under him.","Action, Crime, Comedy",2020-01-01,7.682,5565,https://www.themoviedb.org/movie/522627
Fright Night,10/2/2023,jim,7.0,9.0,9.0,8,,,,11797,"Charley Brewster, a high school student, accidentally discovers the true and creepy nature of Jerry Dandrige, his dashing and enigmatic new neighbor; but no one seems willing to believe him.","Comedy, Horror",1985-08-02,7.025,1304,https://www.themoviedb.org/movie/11797
"3 Beds , 2 Baths, 1 Ghost",10/9/2023,jon,6.0,3.0,6.0,5,,,,,,,,,,
Poltergeist ,10/17/2023,phill,7.0,8.0,8.0,8,,,,243688,"A family's suburban home is invaded by angry spirits. When the terrifying apparitions escalate their attacks and take the youngest daughter, the family must come together to rescue her.",Horror,2015-05-20,5.21,2208,https://www.themoviedb.org/movie/243688
The Howling ,10/24/2023,jim,6.0,9.0,6.0,7,,,,11298,"After a bizarre and near fatal encounter with a serial killer, a newswoman is sent to a rehabilitation center whose inhabitants may not be what they seem.",Horror,1981-01-21,6.6,726,https://www.themoviedb.org/movie/11298
Cobweb,10/31/2023,jon,7.0,7.0,7.0,7,2023.0,,,709631,"Eight year old Peter is plagued by a mysterious, constant tapping from inside his bedroom wall—one that his parents insist is all in his imagination. As Peter's fear intensifies, he believes that his parents could be hiding a terrible, dangerous secret and questions their trustworthiness.",Horror,2023-07-19,6.589,716,https://www.themoviedb.org/movie/709631
Wind River,11/7/2023,phill,8.0,6.0,7.0,7,,,,395834,An FBI agent teams with the town's veteran game tracker to investigate a murder that occurred on a Native American reservation.,"Crime, Drama, Mystery, Thriller",2017-08-03,7.438,5041,https://www.themoviedb.org/movie/395834
Zombie Town,11/172023,jim,4.0,5.0,3.0,4,,,,1019444,Amy and Mike unearth a centuries-old curse when they decide to watch an exclusive film reel. The duo must track down an infamous filmmaker and navigate a town of hungry zombies to save the world.,"Horror, Comedy",2023-09-01,4.37,27,https://www.themoviedb.org/movie/1019444
Sleepaway Camp,11/21/2023,jon,7.0,8.0,8.0,8,,,,13567,"After a terrible boating accident, Angela Baker is sent to Camp Arawak, where a series of bizarre and violent ""accidents"" begin to claim the lives of various campers.",Horror,1983-11-18,6.299,649,https://www.themoviedb.org/movie/13567
When Harry Met Sally,11/28/2023,phill,8.0,5.0,4.0,6,,,,639,"During their travel from Chicago to New York, Harry and Sally debate whether or not sex ruins a friendship between a man and a woman. Eleven years later, and they're still no closer to finding the answer.","Comedy, Romance, Drama",1989-07-21,7.4,3969,https://www.themoviedb.org/movie/639
Mixed Nuts,12/5/2023,jim,5.0,7.0,6.0,6,,,,24070,The events of a crisis hotline business on one crazy night during the Christmas holidays.,"Comedy, Drama, Romance",1994-12-21,5.503,180,https://www.themoviedb.org/movie/24070
"Its a Mad, Mad, Mad, Mad, Mad World!",Jims Bday,jim,2.0,7.0,3.0,4,,,,11576,"A group of strangers come across a man dying after a car crash who proceeds to tell them about the $350,000 he buried in California. What follows is the madcap adventures of those strangers as each attempts to claim the prize for himself.","Action, Adventure, Comedy",1963-11-07,6.959,564,https://www.themoviedb.org/movie/11576
"Christmas, Again",12/12/2023,jon,3.0,3.0,4.0,3,2014.0,,,285020,"Noel is a young man who travels from upstate New York every year to sell Christmas trees in New York City.  Returning without the help of his long-time girlfriend, this year Noel finds it impossible to do the one thing he knows so well---sell Christmas trees. As Noel begins to spiral downwards, alienating co-workers and customers in the process, it turns out this same community of people may be the only ones capable of saving Noel from self-destruction.","Drama, Romance",2015-12-04,6.25,30,https://www.themoviedb.org/movie/285020
Scrooged ,12/19/2023,phill,8.0,10.0,9.0,9,,,,9647,"Frank Cross is a wildly successful television executive whose cold ambition and curmudgeonly nature has driven away the love of his life. But after firing a staff member on Christmas Eve, Frank is visited by a series of ghosts who give him a chance to re-evaluate his actions and right the wrongs of his past.","Fantasy, Comedy, Drama",1988-11-22,6.796,1459,https://www.themoviedb.org/movie/9647
Mrs. Santa Clause,12/26/2023,jim,6.0,7.0,6.0,6,,,,9021,"Better watch out! The big guy in red is coming to town once again. This time, Scott Calvin -- also known as Santa Claus -- finds out there's an obscure clause in his contract requiring him to take on a wife. He has to leave the North Pole to fulfill his obligations, or else he'll be forced to give up his Yuletide gig.","Fantasy, Comedy, Family",2002-10-31,5.95,1253,https://www.themoviedb.org/movie/9021
Dream Scenario,1/2/2024,jon,7.0,8.0,8.0,8,,,,823482,"Hapless family man Paul Matthews finds his life turned upside down when millions of strangers suddenly start seeing him in their dreams. But when his nighttime appearances take a nightmarish turn, Paul is forced to navigate his newfound stardom.","Comedy, Fantasy",2023-11-10,6.706,691,https://www.themoviedb.org/movie/823482
The Protege,1/9/2024,phill,6.0,4.0,6.0,5,,,,645788,"Rescued as a child by the legendary assassin Moody and trained in the family business, Anna is the world’s most skilled contract killer. When Moody, the man who was like a father to her and taught her everything she needs to know about trust and survival, is brutally killed, Anna vows revenge. As she becomes entangled with an enigmatic killer whose attraction to her goes way beyond cat and mouse, their confrontation turns deadly and the loose ends of a life spent killing will weave themselves ever tighter.","Action, Thriller",2021-08-19,6.565,936,https://www.themoviedb.org/movie/645788
The Boogeyman,1/16/2024,jim,6.0,8.0,7.0,7,,,,532408,"Still reeling from the tragic death of their mother, a teenage girl and her younger sister find themselves plagued by a sadistic presence in their house and struggle to get their grieving father to pay attention before it’s too late.","Horror, Thriller, Mystery",2023-05-31,6.454,798,https://www.themoviedb.org/movie/532408
School Spirit,1/23/2024,jon,5.0,6.0,8.0,6,,,,77850,"The only thing keeping Billy Batson from the girl of his dreams is one little condom—or rather the lack of one. Lucky Billy finds one at an all-night roadhouse—but speeding back to his girl, he is killed in a head-on collision. Now invisible, Billy must find his sweetheart and rekindle her fire.",Comedy,1985-10-30,4.7,32,https://www.themoviedb.org/movie/77850
Licorice Pizza,1/30/2024,phill,6.0,5.0,5.0,5,2021.0,,,718032,"The story of Gary Valentine and Alana Kane growing up, running around and going through the treacherous navigation of first love in the San Fernando Valley, 1973.","Drama, Comedy, Romance",2021-11-26,6.977,2142,https://www.themoviedb.org/movie/718032
Skullduggery ,2/6/2024,jim,3.0,5.0,2.0,3,,,,147558,A subversive experimental short against the ruling class.,Animation,1962-12-31,4.3,9,https://www.themoviedb.org/movie/147558
Heart and Souls,2/13/2024,jon,7.0,7.0,10.0,8,,,,12187,"A fateful night in 1959, four people die when the bus they are riding crashes. They continue as ghosts; their souls become eternally entwined to the life of a child born at the moment of their deaths as his guardians. Baby Thomas grows up to be a businessman who has memories of his playmates, but assumes they are products of his youthful imagination. When the ghosts realize they need Thomas' help to move on to the afterlife, they decide to make an appearance once more.","Fantasy, Comedy, Romance",1993-08-13,6.898,379,https://www.themoviedb.org/movie/12187
Death on the Nile,2/20/2024,phill,5.0,4.0,3.0,4,,,,505026,Belgian sleuth Hercule Poirot's Egyptian vacation aboard a glamorous river steamer turns into a terrifying search for a murderer when a picture-perfect couple's idyllic honeymoon is tragically cut short.,"Mystery, Crime, Thriller",2022-02-09,6.434,3518,https://www.themoviedb.org/movie/505026
The In-Laws,2/27/2024,jim,5.0,7.0,5.0,6,,,,5146,"Right before his daughter's wedding, a mild-mannered foot doctor discovers that his new in-laws are international smugglers.","Action, Comedy",2003-05-23,5.611,265,https://www.themoviedb.org/movie/5146
Quigley,3/5/2024,jon,3.0,3.0,3.0,3,,,,73170,"When a rich practical joker dies, he's reborn as a dog, which he uses as another chance to right the wrongs he never did as a human.","Comedy, Family, Fantasy",2003-02-03,5.1,5,https://www.themoviedb.org/movie/73170
Dead Shot,3/11/2024,phill,4.0,4.0,3.0,4,,,,507250,"In the 1970s, a member of the IRA takes over an Active Service Unit in London after his wife is accidentally shot dead in Ireland. The unit's mission is to cause chaos and destruction, while his personal aim is to hunt down his wife’s killer — an SAS captain, who is also hunting him.","Action, Thriller",2023-08-18,5.3,32,https://www.themoviedb.org/movie/507250
Leprechaun ,3/19/2024,jim,6.0,9.0,8.0,8,,,,11811,A demonic leprechaun terrorizes a group of young people whom he believes stole his gold.,"Horror, Comedy, Fantasy",1993-01-08,5.5,741,https://www.themoviedb.org/movie/11811
Bad Boy Bubby,3/26/2024,jon,3.0,6.0,3.0,4,,,,14135,"Bad Boy Bubby is just that: a bad boy. So bad, in fact, that his mother has kept him locked in their house for his entire thirty years, convincing him that the air outside is poisonous. After a visit from his estranged father, circumstances force Bubby into the waiting world, a place which is just as unusual to him as he is to the world.","Crime, Drama, Comedy",1993-09-01,6.963,256,https://www.themoviedb.org/movie/14135
Run,4/2/2024,phill,7.0,7.0,7.0,7,2020.0,,,546121,"Chloe, a teenager who is confined to a wheelchair, is homeschooled by her mother, Diane. Chloe soon becomes suspicious of her mother and begins to suspect that she may be harboring a dark secret.","Thriller, Horror, Drama",2020-11-20,7.257,2461,https://www.themoviedb.org/movie/546121
Mother's Day,4/9/2024,jim,3.0,7.0,5.0,5,,,,1107872,"Nina, a former NATO special operations agent living in hiding, has to use all her deadly skills to rescue her son who has been kidnapped by ruthless gangsters. Finding Max is a double opportunity for her. A chance to feel the adrenaline rush again, and an opportunity to get back into the life of the son she had to abandon years ago.",Thriller,2023-05-24,5.8,205,https://www.themoviedb.org/movie/1107872
Sweet Dreams,4/16/2024,jon,6.0,6.0,7.0,6,2024.0,,,1062421,"Morris navigates his way through a mandatory stay at Sweet Dreams sober living. In an attempt to get his life back on track, he agrees to coach a misfit softball team of his fellow housemates.",Comedy,2024-04-12,4.6,13,https://www.themoviedb.org/movie/1062421
Mega Time Squad,4/23/2024,phill,6.0,6.0,6.0,6,,,,521936,"A small-town criminal finds an ancient Chinese time-travel device that can help him pull off a heist and start a new life-but he may not survive the consequences of tampering with time. The Castle meets Looper, Mega Time Squad is a study in high-meets-low, combining elements of the sci-fi, the crime thriller and the comedy to make a comedy heist film with a time-traveling twist.","Comedy, Science Fiction, Action, Crime, Adventure",2018-07-20,6.143,56,https://www.themoviedb.org/movie/521936
The Dukes of Hazard,4/30/2024,jim,7.0,8.0,7.0,7,,,,19580,"When mischievous teenaged cousins Bo and Luke Duke are arrested, both boys are paroled to the care of their Uncle Jesse in Hazzard, sentenced to a summer of hard work. It's not long before the Duke boys learn of Boss Hogg's plans to foreclose on Uncle Jesse's farm. Together, with help from their cousin Daisy, Bo and Luke vow to save the family's property and its storied history of producing the best moonshine in all of Hazzard.","Action, Adventure, Comedy, TV Movie",2007-03-04,6.2,188,https://www.themoviedb.org/movie/19580
Miami Blues,5/7/2024,jon,7.0,7.0,8.0,7,,,,14931,"After Junior is released from prison, he plans on starting a new life in Miami. But when he kills a man in the airport, he flees the scene and finds Susie, a mild-mannered prostitute searching for stability. The two opposites become romantically involved, and Junior steals a badge and gun from a veteran detective. Using the officer's identity, Junior embarks on a crime spree and convinces Susie that he is the perfect man.","Action, Crime, Drama, Thriller",1990-04-20,6.0,175,https://www.themoviedb.org/movie/14931
Totally Killer,5/14/2023,phill,8.0,6.0,6.0,7,2023.0,,,974931,"When the infamous ""Sweet Sixteen Killer"" returns 35 years after his first murder spree to claim another victim, 17-year-old Jamie accidentally travels back in time to 1987, determined to stop the killer before he can start.","Comedy, Horror, Science Fiction",2023-09-28,6.911,756,https://www.themoviedb.org/movie/974931
The Man with One Red Shoe,5/21/2024,jim,7.0,8.0,7.0,7,,,,10905,A man is mistaken as a spy by the CIA when he arrives at the airport with one red shoe.,"Action, Comedy",1985-07-18,5.721,260,https://www.themoviedb.org/movie/10905
"Skate Town, USA",5/28/2024,jon,3.0,8.0,7.0,6,,,,,,,,,,
The Iron Claw,6/4/2024,phill,6.0,6.0,6.0,6,,,,850165,"The true story of the inseparable Von Erich brothers, who made history in the intensely competitive world of professional wrestling in the early 1980s. Through tragedy and triumph, under the shadow of their domineering father and coach, the brothers seek larger-than-life immortality on the biggest stage in sports.","Drama, History",2023-12-21,7.56,629,https://www.themoviedb.org/movie/850165
Arcadian ,6/11/2024,jim,,,,0,,,,1051896,"In a near future, normal life on Earth has been decimated. Paul and his two sons, Thomas and Joseph, have been living a half-life – tranquility by day and torment by night. Every night, after the sun sets, they face the unrelenting attacks of a mysterious and violent evil. One day, when Thomas doesn't return home before sundown, Paul must leave the safety of their fortified farm to find him. A nightmarish battle ensues that forces the family to execute a desperate plan to survive.","Science Fiction, Thriller, Horror",2024-04-12,6.223,186,https://www.themoviedb.org/movie/1051896
